--
-- PostgreSQL database dump
--

-- Dumped from database version 9.2.7
-- Dumped by pg_dump version 9.3.2
-- Started on 2014-04-07 20:01:04 BRT

SET statement_timeout = 0;
SET lock_timeout = 0;
SET client_encoding = 'UTF8';
SET standard_conforming_strings = on;
SET check_function_bodies = false;
SET client_min_messages = warning;

--
-- TOC entry 179 (class 3079 OID 12621)
-- Name: plpgsql; Type: EXTENSION; Schema: -; Owner: 
--

CREATE EXTENSION IF NOT EXISTS plpgsql WITH SCHEMA pg_catalog;


--
-- TOC entry 2891 (class 0 OID 0)
-- Dependencies: 179
-- Name: EXTENSION plpgsql; Type: COMMENT; Schema: -; Owner: 
--

COMMENT ON EXTENSION plpgsql IS 'PL/pgSQL procedural language';


SET search_path = public, pg_catalog;

SET default_tablespace = '';

SET default_with_oids = false;

--
-- TOC entry 169 (class 1259 OID 311513)
-- Name: agrupamento_jogos; Type: TABLE; Schema: public; Owner: rzdzjjydmygfod; Tablespace: 
--

CREATE TABLE agrupamento_jogos (
    id integer NOT NULL,
    nome character varying(30) NOT NULL
);


ALTER TABLE public.agrupamento_jogos OWNER TO rzdzjjydmygfod;

--
-- TOC entry 170 (class 1259 OID 311516)
-- Name: agrupamento_jogos_id_seq; Type: SEQUENCE; Schema: public; Owner: rzdzjjydmygfod
--

CREATE SEQUENCE agrupamento_jogos_id_seq
    START WITH 1
    INCREMENT BY 1
    NO MINVALUE
    NO MAXVALUE
    CACHE 1;


ALTER TABLE public.agrupamento_jogos_id_seq OWNER TO rzdzjjydmygfod;

--
-- TOC entry 2892 (class 0 OID 0)
-- Dependencies: 170
-- Name: agrupamento_jogos_id_seq; Type: SEQUENCE OWNED BY; Schema: public; Owner: rzdzjjydmygfod
--

ALTER SEQUENCE agrupamento_jogos_id_seq OWNED BY agrupamento_jogos.id;


--
-- TOC entry 168 (class 1259 OID 20998)
-- Name: hibernate_sequence; Type: SEQUENCE; Schema: public; Owner: rzdzjjydmygfod
--

CREATE SEQUENCE hibernate_sequence
    START WITH 1
    INCREMENT BY 1
    NO MINVALUE
    NO MAXVALUE
    CACHE 1;


ALTER TABLE public.hibernate_sequence OWNER TO rzdzjjydmygfod;

--
-- TOC entry 171 (class 1259 OID 311518)
-- Name: jogo; Type: TABLE; Schema: public; Owner: rzdzjjydmygfod; Tablespace: 
--

CREATE TABLE jogo (
    id integer NOT NULL,
    nome character varying(30) NOT NULL,
    tempo_maximo bigint DEFAULT 9223372036854775807::bigint NOT NULL,
    grupo_id integer
);


ALTER TABLE public.jogo OWNER TO rzdzjjydmygfod;

--
-- TOC entry 172 (class 1259 OID 311522)
-- Name: jogo_id_seq; Type: SEQUENCE; Schema: public; Owner: rzdzjjydmygfod
--

CREATE SEQUENCE jogo_id_seq
    START WITH 1
    INCREMENT BY 1
    NO MINVALUE
    NO MAXVALUE
    CACHE 1;


ALTER TABLE public.jogo_id_seq OWNER TO rzdzjjydmygfod;

--
-- TOC entry 2893 (class 0 OID 0)
-- Dependencies: 172
-- Name: jogo_id_seq; Type: SEQUENCE OWNED BY; Schema: public; Owner: rzdzjjydmygfod
--

ALTER SEQUENCE jogo_id_seq OWNED BY jogo.id;


--
-- TOC entry 173 (class 1259 OID 311524)
-- Name: jogo_usuario; Type: TABLE; Schema: public; Owner: rzdzjjydmygfod; Tablespace: 
--

CREATE TABLE jogo_usuario (
    usuario_id integer NOT NULL,
    jogo_id integer NOT NULL,
    melhor_tempo bigint DEFAULT 86400000,
    melhor_numero_acertos integer DEFAULT 0,
    qtdd_partidas_disponiveis integer DEFAULT (-1) NOT NULL,
    pode_editar boolean DEFAULT false NOT NULL
);


ALTER TABLE public.jogo_usuario OWNER TO rzdzjjydmygfod;

--
-- TOC entry 174 (class 1259 OID 311531)
-- Name: questao; Type: TABLE; Schema: public; Owner: rzdzjjydmygfod; Tablespace: 
--

CREATE TABLE questao (
    id integer NOT NULL,
    jogo_id integer NOT NULL,
    numero smallint NOT NULL,
    texto text,
    alternativas json,
    resposta character varying(1) NOT NULL
);


ALTER TABLE public.questao OWNER TO rzdzjjydmygfod;

--
-- TOC entry 175 (class 1259 OID 311537)
-- Name: questao_id_seq; Type: SEQUENCE; Schema: public; Owner: rzdzjjydmygfod
--

CREATE SEQUENCE questao_id_seq
    START WITH 1
    INCREMENT BY 1
    NO MINVALUE
    NO MAXVALUE
    CACHE 1;


ALTER TABLE public.questao_id_seq OWNER TO rzdzjjydmygfod;

--
-- TOC entry 2894 (class 0 OID 0)
-- Dependencies: 175
-- Name: questao_id_seq; Type: SEQUENCE OWNED BY; Schema: public; Owner: rzdzjjydmygfod
--

ALTER SEQUENCE questao_id_seq OWNED BY questao.id;


--
-- TOC entry 176 (class 1259 OID 311539)
-- Name: usuario; Type: TABLE; Schema: public; Owner: rzdzjjydmygfod; Tablespace: 
--

CREATE TABLE usuario (
    id integer NOT NULL,
    nome character varying(100) NOT NULL,
    login character varying(30),
    senha character varying(50),
    is_admin smallint DEFAULT 0
);


ALTER TABLE public.usuario OWNER TO rzdzjjydmygfod;

--
-- TOC entry 177 (class 1259 OID 311543)
-- Name: usuario_id_seq; Type: SEQUENCE; Schema: public; Owner: rzdzjjydmygfod
--

CREATE SEQUENCE usuario_id_seq
    START WITH 1
    INCREMENT BY 1
    NO MINVALUE
    NO MAXVALUE
    CACHE 1;


ALTER TABLE public.usuario_id_seq OWNER TO rzdzjjydmygfod;

--
-- TOC entry 2895 (class 0 OID 0)
-- Dependencies: 177
-- Name: usuario_id_seq; Type: SEQUENCE OWNED BY; Schema: public; Owner: rzdzjjydmygfod
--

ALTER SEQUENCE usuario_id_seq OWNED BY usuario.id;


--
-- TOC entry 178 (class 1259 OID 311545)
-- Name: usuario_questao; Type: TABLE; Schema: public; Owner: rzdzjjydmygfod; Tablespace: 
--

CREATE TABLE usuario_questao (
    usuario_id integer NOT NULL,
    questao_id integer NOT NULL,
    is_correta_jogada_ranking boolean
);


ALTER TABLE public.usuario_questao OWNER TO rzdzjjydmygfod;

--
-- TOC entry 2731 (class 2604 OID 311548)
-- Name: id; Type: DEFAULT; Schema: public; Owner: rzdzjjydmygfod
--

ALTER TABLE ONLY agrupamento_jogos ALTER COLUMN id SET DEFAULT nextval('agrupamento_jogos_id_seq'::regclass);


--
-- TOC entry 2733 (class 2604 OID 311549)
-- Name: id; Type: DEFAULT; Schema: public; Owner: rzdzjjydmygfod
--

ALTER TABLE ONLY jogo ALTER COLUMN id SET DEFAULT nextval('jogo_id_seq'::regclass);


--
-- TOC entry 2738 (class 2604 OID 311550)
-- Name: id; Type: DEFAULT; Schema: public; Owner: rzdzjjydmygfod
--

ALTER TABLE ONLY questao ALTER COLUMN id SET DEFAULT nextval('questao_id_seq'::regclass);


--
-- TOC entry 2740 (class 2604 OID 311551)
-- Name: id; Type: DEFAULT; Schema: public; Owner: rzdzjjydmygfod
--

ALTER TABLE ONLY usuario ALTER COLUMN id SET DEFAULT nextval('usuario_id_seq'::regclass);


--
-- TOC entry 2874 (class 0 OID 311513)
-- Dependencies: 169
-- Data for Name: agrupamento_jogos; Type: TABLE DATA; Schema: public; Owner: rzdzjjydmygfod
--

COPY agrupamento_jogos (id, nome) FROM stdin;
1	Projeto Aprender Matemática
2	Amostra prévia
\.


--
-- TOC entry 2896 (class 0 OID 0)
-- Dependencies: 170
-- Name: agrupamento_jogos_id_seq; Type: SEQUENCE SET; Schema: public; Owner: rzdzjjydmygfod
--

SELECT pg_catalog.setval('agrupamento_jogos_id_seq', 40, true);


--
-- TOC entry 2897 (class 0 OID 0)
-- Dependencies: 168
-- Name: hibernate_sequence; Type: SEQUENCE SET; Schema: public; Owner: rzdzjjydmygfod
--

SELECT pg_catalog.setval('hibernate_sequence', 1, false);


--
-- TOC entry 2876 (class 0 OID 311518)
-- Dependencies: 171
-- Data for Name: jogo; Type: TABLE DATA; Schema: public; Owner: rzdzjjydmygfod
--

COPY jogo (id, nome, tempo_maximo, grupo_id) FROM stdin;
1	Etapa 1	5400000	1
2	Etapa 2	5400000	1
3	Etapa 3	5400000	1
4	Etapa 4	5400000	1
49	Etapa 2	5400000	2
50	Etapa 3	5400000	2
51	Etapa 4	5400000	2
48	Etapa 1	1550000	2
\.


--
-- TOC entry 2898 (class 0 OID 0)
-- Dependencies: 172
-- Name: jogo_id_seq; Type: SEQUENCE SET; Schema: public; Owner: rzdzjjydmygfod
--

SELECT pg_catalog.setval('jogo_id_seq', 53, true);


--
-- TOC entry 2878 (class 0 OID 311524)
-- Dependencies: 173
-- Data for Name: jogo_usuario; Type: TABLE DATA; Schema: public; Owner: rzdzjjydmygfod
--

COPY jogo_usuario (usuario_id, jogo_id, melhor_tempo, melhor_numero_acertos, qtdd_partidas_disponiveis, pode_editar) FROM stdin;
32	1	1533642	4	1	f
38	48	82021	1	-1	f
1	50	104519	2	-1	f
5	1	5237881	3	0	f
38	49	224727	0	-1	f
38	51	317466	0	-1	f
38	50	135652	0	-1	f
18	1	5350695	3	0	f
37	4	86400000	0	1	f
37	3	86400000	0	1	f
37	2	86400000	0	1	f
19	3	590000	4	0	f
5	4	4439477	3	0	f
35	3	86400000	0	1	f
35	2	86400000	0	1	f
35	1	86400000	0	1	f
34	1	4779053	3	0	f
28	4	4479544	3	0	f
34	2	4595813	3	0	f
32	4	86400000	0	1	f
32	3	86400000	0	1	f
32	2	86400000	0	1	f
33	4	3042301	4	0	f
31	2	86400000	0	1	f
30	4	86400000	0	1	f
30	3	86400000	0	1	f
30	1	86400000	0	1	f
29	4	86400000	0	1	f
29	3	86400000	0	1	f
29	2	86400000	0	1	f
36	2	4109700	5	0	f
34	3	86400000	0	1	f
27	3	86400000	0	1	f
27	2	86400000	0	1	f
27	1	86400000	0	1	f
26	4	86400000	0	1	f
25	4	86400000	0	1	f
25	3	86400000	0	1	f
25	2	86400000	0	1	f
25	1	86400000	0	1	f
24	4	86400000	0	1	f
24	3	86400000	0	1	f
24	2	86400000	0	1	f
24	1	86400000	0	1	f
23	4	86400000	0	1	f
23	3	86400000	0	1	f
23	2	86400000	0	1	f
23	1	86400000	0	1	f
22	3	86400000	0	1	f
22	2	86400000	0	1	f
22	1	86400000	0	1	f
21	4	86400000	0	1	f
21	2	86400000	0	1	f
21	1	86400000	0	1	f
20	4	86400000	0	1	f
20	3	86400000	0	1	f
20	1	86400000	0	1	f
28	3	5404735	3	0	f
18	2	5221839	2	0	f
18	4	86400000	0	1	f
18	3	86400000	0	1	f
6	2	5311148	4	0	f
6	1	5419772	4	0	f
17	3	86400000	0	1	f
17	2	86400000	0	1	f
17	1	86400000	0	1	f
16	4	86400000	0	1	f
16	2	86400000	0	1	f
16	1	86400000	0	1	f
15	4	86400000	0	1	f
15	3	86400000	0	1	f
15	1	86400000	0	1	f
14	4	86400000	0	1	f
14	3	86400000	0	1	f
14	2	86400000	0	1	f
13	4	86400000	0	1	f
13	3	86400000	0	1	f
13	2	86400000	0	1	f
13	1	86400000	0	1	f
12	1	86400000	0	1	f
28	2	5739304	5	0	f
28	1	5458354	4	0	f
11	4	86400000	0	1	f
11	2	86400000	0	1	f
11	1	86400000	0	1	f
10	4	86400000	0	1	f
10	3	86400000	0	1	f
10	1	86400000	0	1	f
9	4	86400000	0	1	f
9	3	86400000	0	1	f
9	2	86400000	0	1	f
8	4	86400000	0	1	f
8	3	86400000	0	1	f
8	2	86400000	0	1	f
8	1	86400000	0	1	f
7	3	86400000	0	1	f
7	2	86400000	0	1	f
7	1	86400000	0	1	f
5	3	2248117	4	0	f
19	2	5312542	4	0	f
6	4	3996359	4	0	f
33	3	4720086	4	0	f
4	4	86400000	0	1	f
4	3	86400000	0	1	f
4	2	86400000	0	1	f
3	4	86400000	0	1	f
3	3	86400000	0	1	f
3	2	86400000	0	1	f
3	1	86400000	0	1	f
2	4	86400000	0	-1	f
2	3	86400000	0	-1	f
2	2	86400000	0	-1	f
2	1	86400000	0	-1	f
12	2	86400000	0	1	f
12	4	86400000	0	1	f
33	1	3930000	4	0	f
36	1	1547480	3	0	f
19	4	2220000	4	0	f
31	1	86400000	0	1	f
31	3	86400000	0	1	f
37	1	86400000	0	1	f
35	4	86400000	0	1	f
30	2	86400000	0	1	f
29	1	86400000	0	1	f
27	4	86400000	0	1	f
26	3	86400000	0	1	f
26	2	86400000	0	1	f
26	1	86400000	0	1	f
22	4	86400000	0	1	f
21	3	86400000	0	1	f
20	2	86400000	0	1	f
17	4	86400000	0	1	f
16	3	86400000	0	1	f
15	2	86400000	0	1	f
14	1	86400000	0	1	f
11	3	86400000	0	1	f
10	2	86400000	0	1	f
9	1	86400000	0	1	f
7	4	86400000	0	1	f
4	1	86400000	0	1	f
1	48	57869	4	-1	f
1	49	87427	1	-1	f
1	51	142202	4	-1	f
2	48	86400000	2	0	f
2	49	86400000	2	0	f
2	50	86400000	2	0	f
5	2	5400000	3	0	f
2	51	86400000	1	0	f
33	2	3520472	4	0	f
34	4	86400000	0	1	f
12	3	86400000	0	1	f
6	3	2828440	4	0	f
19	1	570000	3	0	f
36	3	2333856	4	0	f
36	4	5036758	3	0	f
31	4	86400000	0	1	f
\.


--
-- TOC entry 2879 (class 0 OID 311531)
-- Dependencies: 174
-- Data for Name: questao; Type: TABLE DATA; Schema: public; Owner: rzdzjjydmygfod
--

COPY questao (id, jogo_id, numero, texto, alternativas, resposta) FROM stdin;
32	4	4	<p>Para que não seja preciso a instalação de ar condicionados no interior de uma sala de aula é possível que a própria ventilação natural faça este trabalho. Para isso, o engenheiro dimensiona o tamanho das aberturas nas paredes baseados em vários critérios, como: a quantidade de pessoas presentes no recinto, as dimensões da sala, os equipamentos presentes (televisão, retroprojetor, etc), o calor absorvido pelas paredes e coberturas com a incidência dos raios solares, entre outros.</p>\n<p>Imagine que seja necessária a instalação de duas janelas de correr, cada qual com $1,44m^2$ de área livre para ventilação. Fixando uma altura de $1,2m$, qual deverá ser a largura ocupada por cada janela? Lembre-se: numa janela de correr, quando totalmente aberta, apenas metade de sua área total permite a passagem da ventilação.</p>\n<img src="http://matquiz.herokuapp.com/assets/images/questions/17.jpeg"/>	{\r\n\t"a":"$2,4m$",\r\n\t"b":"$2,5m$",\r\n\t"c":"$1,2m$",\r\n\t"d":"$0,6m$",\r\n\t"e":"N. R. A"\r\n}	c
1	1	1	<p>Num projeto para calcular a estrutura de uma obra é preciso analisar as forças que atuam nos materiais utilizados. Para isso, um dos métodos usuais na engenharia é o círculo de Mohr, o qual nos indica as forças máximas que podem romper o material, assim como a localização dessas forças (representada pelas linhas tracejadas).</p>\n<p>As etapas que consistem o círculo de Mohr apresentam várias propriedades matemáticas, uma dessas etapas é ilustrada na figura abaixo. De acordo com os seus conhecimentos de trigonometria, qual deve ser o ângulo (em graus) formado entre as linhas tracejadas inscritas no círculo?\n</p><img src="http://matquiz.herokuapp.com/assets/images/questions/1.jpeg" />	{\n"a":"$30\\\\,^{\\\\circ}$",\n"b":"$90\\\\,^{\\\\circ}$",\n"c":"$60\\\\,^{\\\\circ}$",\n"d":"$45\\\\,^{\\\\circ}$",\n"e":"N.R.A."\n}	b
3	1	2	<p>Em função dos inúmeros buracos em um trecho da rua Alagoas, o engenheiro de obras da prefeitura de Londrina terá que planejar a substituição do asfalto do local. Para tanto, ajude-o a calcular a área que será pavimentada para posteriores cálculos da quantidade de material necessário.\nConsidere que a largura da rua (L) é igual a $8m$ e o comprimento do trecho (c) é igual a $1,144km$</p><img src="http://matquiz.herokuapp.com/assets/images/questions/2.jpeg" />	{\n\t"a":"$9,15m^2$",\n\t"b":"$9152m^2$",\n\t"c":"$9152km^2$",\n\t"d":"$91,52m^2$",\n\t"e":"N.R.A"\n}	b
41	48	1	<p>Num projeto para calcular a estrutura de uma obra é preciso analisar as forças que atuam nos materiais utilizados. Para isso, um dos métodos usuais na engenharia é o círculo de Mohr, o qual nos indica as forças máximas que podem romper o material, assim como a localização dessas forças (representada pelas linhas tracejadas).</p>\n<p>As etapas que consistem o círculo de Mohr apresentam várias propriedades matemáticas, uma dessas etapas é ilustrada na figura abaixo. De acordo com os seus conhecimentos de trigonometria, qual deve ser o ângulo (em graus) formado entre as linhas tracejadas inscritas no círculo?\n</p><img src="http://matquiz.herokuapp.com/assets/images/questions/1.jpeg" />	{\n"a":"$30\\\\,^{\\\\circ}$",\n"b":"$90\\\\,^{\\\\circ}$",\n"c":"$60\\\\,^{\\\\circ}$",\n"d":"$45\\\\,^{\\\\circ}$",\n"e":"N.R.A."\n}	b
42	48	2	<p>Em função dos inúmeros buracos em um trecho da rua Alagoas, o engenheiro de obras da prefeitura de Londrina terá que planejar a substituição do asfalto do local. Para tanto, ajude-o a calcular a área que será pavimentada para posteriores cálculos da quantidade de material necessário.\nConsidere que a largura da rua (L) é igual a $8m$ e o comprimento do trecho (c) é igual a $1,144km$</p><img src="http://matquiz.herokuapp.com/assets/images/questions/2.jpeg" />	{\n\t"a":"$9,15m^2$",\n\t"b":"$9152m^2$",\n\t"c":"$9152km^2$",\n\t"d":"$91,52m^2$",\n\t"e":"N.R.A"\n}	b
47	49	3	<p>Um engenheiro civil identificou $6$ pontos que delimitam o terreno a se construir uma casa, apresentados no plano cartesiano abaixo. Sabendo que $64\\%$ do terreno será de área construída (área impermeável), qual a área permeável disponível nesse terreno?<p/>\n<p>Escala: $unidade = 0,95m$.</p><img src="http://matquiz.herokuapp.com/assets/images/questions/7.png" />	{\n\t"a":"$A_{permeável} = 370,00m^2$",\n\t"b":"$A_{permeável} = 120,21m^2$",\n\t"c":"$A_{permeável} = 333,92m^2$",\n\t"d":"$A_{permeável} = 213,71m^2$",\n\t"e":"N. R. A"\n}	b
9	1	3	<p>Uma concreteira deve atender diariamente os pontos indicados no plano cartesiano abaixo. Sabendo-se que o percurso não deve demandar muito tempo, pois o processo de pega (início da formação dos cristais que irão garantir a resistência da estrutura) do material inicia, aproximadamente, $3h$ após a sua hidratação.</P\n<p>Ajude o engenheiro civil responsável pela obra a encontrar a menor distância que o caminhão betoneira deverá seguir para que ele chegue a tempo nos seus devidos destinos, tendo $A$ como seu ponto de partida e chegada. Lembre-se que a menor distância entre dois pontos é uma reta. Escala:</p> <p>$unidade = 2,10km$</p> <img src="http://matquiz.herokuapp.com/assets/images/questions/3.png" />	{\n\t"a":"$150km$",\n\t"b":"$80m$",\n\t"c":"$72,54km$",\n\t"d":"$152,33km$",\n\t"e":"N. R. A."\n}	d
17	2	3	<p>Um engenheiro civil identificou $6$ pontos que delimitam o terreno a se construir uma casa, apresentados no plano cartesiano abaixo. Sabendo que $64\\%$ do terreno será de área construída (área impermeável), qual a área permeável disponível nesse terreno?<p/>\n<p>Escala: $unidade = 0,95m$.</p><img src="http://matquiz.herokuapp.com/assets/images/questions/7.png" />	{\n\t"a":"$A_{permeável} = 370,00m^2$",\n\t"b":"$A_{permeável} = 120,21m^2$",\n\t"c":"$A_{permeável} = 333,92m^2$",\n\t"d":"$A_{permeável} = 213,71m^2$",\n\t"e":"N. R. A"\n}	b
11	1	4	<p>Em uma associação de agricultores precisa-se construir um silo para o armazenamento de soja com capacidade de pelo menos $4000m^3$ e raio construído de no máximo $15m$. O engenheiro executivo contratado recomendou um silo cilíndrico (ilustrado abaixo) com diâmetro de $22m$ e altura total de $17,6m$.</p>\n<p>Entretanto, o interior desse silo apresenta um sistema de ventilação de grãos que ocupa $36,21\\%$ do seu volume total. Dadas as recomendações do engenheiro, qual a porcentagem do volume útil a mais que ficará disponível aos agricultores, baseado na capacidade solicitada? E qual será a área não construída, tendo como a área total delimitada anteriormente pela associação?</p>\n<p>$\\pi = 3,14$</p>\n<img src="http://matquiz.herokuapp.com/assets/images/questions/4.png" />	{\n\t"a":"$\\\\%V_{sobrou} = 40,00\\\\%; A_{livre} = 326,56m^2$",\n\t"b":"$\\\\%V_{sobrou} = 10,90\\\\%; A_{livre} = 320,55m^2$",\n\t"c":"$\\\\%V_{sobrou} = 4,58\\\\%; A_{livre} = 326,56m^2$",\n\t"d":"$\\\\%V_{sobrou} = 1,73\\\\%; A_{livre} = 120,56m^2$",\n\t"e":"N. R. A"\n}	c
15	2	1	<p>Um galpão composto apenas pela cobertura de $25m$ de largura, $40m$ de comprimento e altura de $7m$ foi comprado por um fabricante de roupas a fim de erguer a sua sede. Para aproveitar a estrutura já construída, o engenheiro contratado irá reservar parte dessa área para um depósito e o restante da área será fechado para a formação de escritórios. Conforme o fabricante, a região separada para o depósito deve estocar cerca de $1500 caixas$ com dimensões: $a=1m$, $b=1m$, $c=2m$.</p>\n<p>Dadas as condições acima descritas, qual será a área ($m^2$) que o engenheiro deixará disponível para a construção dos escritórios?\n</p><img src="http://matquiz.herokuapp.com/assets/images/questions/5.png" />	{\n\t"a":"$570m^2$",\n\t"b":"$430m^2$",\n\t"c":"$320m^2$",\n\t"d":"$190m^2$",\n\t"e":"N. R. A"\n}	a
16	2	2	<p>O proprietário de uma loja contratou um engenheiro projetista para que ele dimensionasse a parede conforme a Figura abaixo, a fim de dividir um cômodo. Assim, chegou-se a conclusão que a parede teria raio interno (do círculo) de $10m$, ângulo que define o arco de $45\\,^{\\circ}$, espessura da parede $15cm$ e altura $2,70m$. Como a parede não receberá carga, além de seu próprio peso, a parede vai ser constituída de apenas $30\\%$ de blocos estruturais (de grande resistência), responsáveis pela integridade do conjunto. Os $70\\%$ restantes serão preenchidos com blocos de vedação, os quais apresentam baixa resistência.</p>\n<p>Qual a quantidade de blocos estruturais e de vedação necessários? E qual será a peso total de blocos utilizados nessa parede?</p>\n<p>Dados: bloco estrutural e vedação ($19cm \\times 19cm \\times 39cm$) de peso $14,90kgf$ e $11,52kgf$, respectivamente.\n<p>$\\pi = 3,14$</p><img src="http://matquiz.herokuapp.com/assets/images/questions/6.jpeg" />	{\n\t"a":"$N_{Est} = 30Blocos; N_{Ved} = 70Blocos; Peso_{total} = 4030,0Kgf$",\n\t"b":"$N_{Est} = 90Blocos; N_{Ved} = 230Blocos; Peso_{total} = 3999,8Kgf$",\n\t"c":"$N_{Est} = 96Blocos; N_{Ved} = 225Blocos; Peso_{total} = 4022,4Kgf$",\n\t"d":"$N_{Est} = 30Blocos; N_{Ved} = 70Blocos; Peso_{total} = 4022,4Kgf$",\n\t"e":"N. R. A"\n}	c
20	2	4	<p>Numa laje dimensionada para resistir a $360kgf/m^2$ foi dada uma festa onde se identificou $5pessoas/m^2$. Sabendo que o engenheiro civil, muito prudente, adicionou uma margem de erro à resistência da laje de $30\\%$ de sua capacidade, qual será a proporção de força requerida em relação à resistência disponível nessa laje? Justifique a relação constatada. (a laje caiu?)</p>\n<p>Dado: $1 pessoa = 75kgf$.<p/>	{\n\t"a":"$\\\\frac{F_{solicitada}}{F_{disponível}} = 80,12\\\\%$. Portanto a laje não caiu.",\n\t"b":"$\\\\frac{F_{solicitada}}{F_{disponível}} = 104,17\\\\%$. Portanto a laje caiu.",\n\t"c":"$\\\\frac{F_{solicitada}}{F_{disponível}} = 85,00\\\\%$. Portanto a laje caiu",\n\t"d":"$\\\\frac{F_{solicitada}}{F_{disponível}} = 130,17\\\\%$. Portanto a laje não caiu",\n\t"e":"N. R. A"\n}	a
21	2	5	<p>O engenheiro precisa quantificar a água escoada sobre e sob o solo, durante as diversas oscilações das chuvas ao longo do ano, para que seja possível dimensionar estruturas que vão conter a água (barragens, desvios de rios para a construção de hidroelétricas) ou aproveitá-la (hidroelétricas, captação de água para abastecer as cidades). Esse estudo demanda anos para que as previsões de máximas e mínimas chuvas sejam confiáveis. Numa propriedade rural será instalado um laboratório para tais estudos, e uma variável muito importante é a área que permeará a água.</p>\n<p>Sabendo que o terreno tem formato hexagonal regular com lado de $174m$, qual será a área em que a chuva incidirá (em alqueires)?</p>\n<p>$1 alqueire = 24200m^2$</p>	{\n\t"a":"$7,18 alqueires$",\n\t"b":"$242 alqueires$",\n\t"c":"$1,69 alqueires$",\n\t"d":"$3,25 alqueires$",\n\t"e":"N. R. A"\n}	d
24	3	1	<p>Na construção de um shopping o terreno escolhido será 5m acima do nível do restante da cidade. Mas para que a área do estacionamento, no nível da cidade, seja mais ampla, o engenheiro indicou no projeto o corte de dois taludes (inclinação de terra que permite a sua auto-sustentação) com inclinação de 30°. Qual será o volume de terra retirado por metro?</p>\n<p>Dado: $\\theta=15^\\circ$</p><img src="http://matquiz.herokuapp.com/assets/images/questions/10.jpeg"/>	{\r\n\t"a":"$V_{retirado} = 30,00m^3$",\r\n\t"b":"$V_{retirado} = 28,35m^3$",\r\n\t"c":"$V_{retirado} = 25,00m^3$",\r\n\t"d":"$V_{retirado} = 18,57m^3$",\r\n\t"e":"N. R. A"\r\n}	b
25	3	2	<p>Temos o seguinte terreno, descrito pelas plantas abaixo, de dimensões $c=25m$, $L=12m$ para erguermos uma residência. Para isso, devemos nivelar todo o solo da região. Sendo assim, qual será a altura (em metros), a partir do nível zero, de todo o solo disponível no terreno para que este esteja uniformemente nivelado? (desprezar a mudança de volume ao comprimirmos o solo)</p>\n<p>Considerar: $o=30^\\circ$</p>\n<img src="http://matquiz.herokuapp.com/assets/images/questions/11_1.jpeg"/>\n<img src="http://matquiz.herokuapp.com/assets/images/questions/11_2.jpeg"/>	{\r\n\t"a":"$1,12m$",\r\n\t"b":"$1,20m$",\r\n\t"c":"$0,77m$",\r\n\t"d":"$1,23m$",\r\n\t"e":"N. R. A"\r\n}	c
26	3	3	<p>Nas equações que permitem calcular as tensões principais, de uma estrutura cilíndrica, que atuam nas paredes onde fluem as forças, é necessário saber o raio médio ($Rm$) da seção circular vazada. O referido $Rm$ corresponde à distância entre o centro da seção circular e a linha média do anel circular. Considerando que um determinado vazo de pressão possui um diâmetro externo de $1,5m$ e uma espessura da parede ($t$) de $20mm$, qual é o valor do raio médio ($Rm$)?</p>\n<img src="http://matquiz.herokuapp.com/assets/images/questions/12.jpeg"/>	{\r\n\t"a":"$73cm$",\r\n\t"b":"$75cm$",\r\n\t"c":"$74cm$",\r\n\t"d":"$77cm$",\r\n\t"e":"N. R. A"\r\n}	c
27	3	4	<p>Uma das formas de executar um túnel é por meio de Tuneladora tipo EPB (ver Figura a), a qual perfura o solo e ao mesmo tempo vai formando uma seção circular tubular de concreto de espessura constante (ver Figura b). Considerando que o diâmetro externo do anel seja de $11m$ e que a espessura seja de $40cm$, o Engenheiro necessita prever no projeto o consumo de material na obra. Neste caso, quantos metros cúbicos ($m3$) de concreto serão necessários para construir um trecho reto de túnel de $5km$?</p>\n<p><table>\n\t<tr><td><img src="http://matquiz.herokuapp.com/assets/images/questions/13_1.png"/></td></tr>\n\t<tr><td>(a)</td></tr>\n<table></p>\n<p><table>\n\t<tr><td><img src="http://matquiz.herokuapp.com/assets/images/questions/13_2.png"/></td></tr>\n\t<tr><td>(b)</td></tr>\n<table></p>	{\r\n\t"a":"Entre $50000$ e $55000m^3$",\r\n\t"b":"Entre $55000$ e $60000m^3$",\r\n\t"c":"Entre $60000$ e $65000m^3$",\r\n\t"d":"Entre $65000$ e $70000m^3$",\r\n\t"e":"N. R. A"\r\n}	d
28	4	1	<p>Próximo a um hospital, uma tubulação da Sanepar sob a rua será reparada. Mas, para que a manutenção não prejudique o bem-estar dos pacientes, o engenheiro executivo deve se atentar a intensidade sonora emitida pelos equipamentos em função da audição humana. Sabendo que o Nível Sonoro $S$ medido em decibéis ($dB$) é dado por: $S = 10 log (I/I_0)(dB)$, sendo $I$ a Intensidade sonora e $I_0  = 10^{-12}  W/m^2$ a intensidade sonora de referência correspondente ao limiar da audição humana, qual a intensidade da onda sonora emitida por uma britadeira a uma distância de $50$ metros.</p>\n<p>Considere o nível sonoro igual a $70dB$.</p>\n<img src="http://matquiz.herokuapp.com/assets/images/questions/14.png"/>	{\r\n\t"a":"$I = 10^{-12} W/m^2$",\r\n\t"b":"$I = 10^{12} W/m^2$",\r\n\t"c":"$I = 10^{-5} W/m^2$",\r\n\t"d":"$I = 10^{5} W/m^2$",\r\n\t"e":"$I = 10^{-7} W/m^2$"\r\n}	c
30	4	2	<p>Um engenheiro sanitarista quer saber a taxa de consumo ($k$) de oxigênio pelas bactérias que degradam (utilizam como alimento para obtenção de energia e crescimento) o esgoto sanitário da cidade, que é lançado no rio que corta essa cidade. Para isso ele coletou amostras e fez vários ensaios no laboratório. O consumo de oxigênio pelas bactérias que utilizam o esgoto é representado pela Equação (1).</p>\n<ul><li><p><span class="negrito">Equação (1):</span>      $L_t = L_0-y = L_0(1-10^{-k t})$</p></li></ul>\n<p>Para resolver a Equação (1) o engenheiro aplicou $\\log$ na base $10$ e obteve a Equação (2).</p>\n<ul><li><p><span class="negrito">Equação (2):</span>      $\\log(L_0-y)-\\log(L_0)=kt$</p></li></ul>\n<p>Onde:</p>\n<ul>\n\t<li><p>$L_0$: é o consumo total de oxigênio em um tempo infinito (maior que $30$ dias);</li>\n\t<li><p>$y$: consumo de oxigênio em $5$ dias;</p></li>\n\t<li><p>$L_t$: o consumo remanescente em um tempo $t$ (diferença entre o consumo total e o consumo em $5$ dias).</p></li>\n</ul>\n<p>No teste o engenheiro verificou que:</p>\n<ul>\n\t<li><p>o consumo ($y$) em $5$ dias ($t=5$) foi igual a $250mg$ de $O_2/L$ de amostra;</p></li>\n\t<li><p>o consumo ($L_0$) em um tempo longo, maior que $30$ dias, foi de $300mg$ de $O_2/L$ de amostra.</p></li>\n</ul>\n<p>Com base nas seguintes propriedades dos logaritmos:</p>\n<ul>\n\t<li><p>$\\log(a.b)=\\log(a)+\\log(b)$</p></li>\n\t<li><p>$\\log(\\frac{1}{a})=-\\log(a)$</p></li>\n\t<li><p>$\\log(\\frac{a}{b})=\\log(a)-\\log(b)$</p></li>\n\t<li><p>$\\log(a)^n=n.\\log(a)$</p></li>\n</ul>\n<p>Sabendo que:</p>\n<ul>\n\t<li><p>$\\log(2)=0,3010$</p></li>\n\t<li><p>$\\log(3)=0,4771$</p></li>\n\t<li><p>$\\log(4)=0,6990$</p></li>\n\t<li><p>$\\log(7)=0,8451$</p></li>\n</ul>\n<p>Ajude o engenheiro a encontrar o valor da taxa de consumo de oxigênio ($k$).</p>	{\r\n\t"a":"$0,1556mg$ de $O_2/L$",\r\n\t"b":"$-0,1866mg$ de $O_2/L$",\r\n\t"c":"$-0,1556mg$ de $O_2/L$",\r\n\t"d":"$0,2448mg$ de $O_2/L$",\r\n\t"e":"N. R. A"\r\n}	c
31	4	3	<p>Para o dimensionamento de uma escada o engenheiro deve saber a sua devidas dimensões (altura, largura, afastamento, comprimento). Considere uma altura a vencer de $3m$, e degraus de $15cm$ de altura e $28cm$ de afastamento. Quantos degraus serão necessários? Qual será o afastamento horizontal total? Qual será o ângulo de inclinação (em relação ao solo) da escada?</p>\n<img src="http://matquiz.herokuapp.com/assets/images/questions/16.jpeg"/>	{\r\n\t"a":"$15; 4.0; 20.6^\\\\circ$",\r\n\t"b":"$20; 5.60; 28.18^\\\\circ$",\r\n\t"c":"$20; 5.0; 38.18^\\\\circ$",\r\n\t"d":"$20;5.7;30.00^\\\\circ$",\r\n\t"e":"N. R. A"\r\n}	c
39	4	5	<p>Estruturas em treliça (figura 1) são bastante utilizadas em coberturas de galpões, ginásios e demais espaços que necessitem de uma área mais ampla. Isto se deve ao fato que em suas barras atuam somente esforços normais (tração e compressão) quando os carregamentos se dão no encontro das barras (vértices dos triângulos na figura 1), estes são chamados de nós.</p>\nPara a determinação destes esforços nas barras um método bastante utilizado é chamado de “Método do Equilíbrio dos nós”, que consiste em admitir que a somatória das forças nas direções vertical e horizontal agindo em cada nó da treliça ser igual a zero (condição de equilíbrio). Desta forma, para o carregamento vertical do nó $E$ de $88,5KN$, determinar os esforços nas barras $BE(N_{BE})$ e $DE(N_{DE})$ da treliça representada na figura 1.</p>\n<p>Assim, pelo método do “Equilíbrio dos Nós” teremos:</p>\n<img src="http://matquiz.herokuapp.com/assets/images/questions/18.png"/>\n<p>Obs.:escala em $mm$</p>\n<p>$\\sum F_{vert.} = 0 \\implies N_{BE}.\\sin30^\\circ - 88,5 = 0$</p>\n<p>$\\sum F_{hor.} = 0 \\implies N_{BE}.\\cos30^\\circ + N_{DE} = 0$</p>	{\r\n\t"a":"$N_{BE}=44,3kN; N_{DE}=38,3kN$",\r\n\t"b":"$N_{BE}=150kN; N_{DE}=0kN$",\r\n\t"c":"$N_{BE}=177kN; N_{DE}=-153,5kN$",\r\n\t"d":"$N_{BE}=-153kN; N_{DE}=-132,5kN$",\r\n\t"e":"$N_{BE}=153kN; N_{DE}=-132,5kN$"\r\n}	c
43	48	3	<p>Uma concreteira deve atender diariamente os pontos indicados no plano cartesiano abaixo. Sabendo-se que o percurso não deve demandar muito tempo, pois o processo de pega (início da formação dos cristais que irão garantir a resistência da estrutura) do material inicia, aproximadamente, $3h$ após a sua hidratação.</P\n<p>Ajude o engenheiro civil responsável pela obra a encontrar a menor distância que o caminhão betoneira deverá seguir para que ele chegue a tempo nos seus devidos destinos, tendo $A$ como seu ponto de partida e chegada. Lembre-se que a menor distância entre dois pontos é uma reta. Escala:</p> <p>$unidade = 2,10km$</p> <img src="http://matquiz.herokuapp.com/assets/images/questions/3.png" />	{\n\t"a":"$150km$",\n\t"b":"$80m$",\n\t"c":"$72,54km$",\n\t"d":"$152,33km$",\n\t"e":"N. R. A."\n}	d
44	48	4	<p>Em uma associação de agricultores precisa-se construir um silo para o armazenamento de soja com capacidade de pelo menos $4000m^3$ e raio construído de no máximo $15m$. O engenheiro executivo contratado recomendou um silo cilíndrico (ilustrado abaixo) com diâmetro de $22m$ e altura total de $17,6m$.</p>\n<p>Entretanto, o interior desse silo apresenta um sistema de ventilação de grãos que ocupa $36,21\\%$ do seu volume total. Dadas as recomendações do engenheiro, qual a porcentagem do volume útil a mais que ficará disponível aos agricultores, baseado na capacidade solicitada? E qual será a área não construída, tendo como a área total delimitada anteriormente pela associação?</p>\n<p>$\\pi = 3,14$</p>\n<img src="http://matquiz.herokuapp.com/assets/images/questions/4.png" />	{\n\t"a":"$\\\\%V_{sobrou} = 40,00\\\\%; A_{livre} = 326,56m^2$",\n\t"b":"$\\\\%V_{sobrou} = 10,90\\\\%; A_{livre} = 320,55m^2$",\n\t"c":"$\\\\%V_{sobrou} = 4,58\\\\%; A_{livre} = 326,56m^2$",\n\t"d":"$\\\\%V_{sobrou} = 1,73\\\\%; A_{livre} = 120,56m^2$",\n\t"e":"N. R. A"\n}	c
45	49	1	<p>Um galpão composto apenas pela cobertura de $25m$ de largura, $40m$ de comprimento e altura de $7m$ foi comprado por um fabricante de roupas a fim de erguer a sua sede. Para aproveitar a estrutura já construída, o engenheiro contratado irá reservar parte dessa área para um depósito e o restante da área será fechado para a formação de escritórios. Conforme o fabricante, a região separada para o depósito deve estocar cerca de $1500 caixas$ com dimensões: $a=1m$, $b=1m$, $c=2m$.</p>\n<p>Dadas as condições acima descritas, qual será a área ($m^2$) que o engenheiro deixará disponível para a construção dos escritórios?\n</p><img src="http://matquiz.herokuapp.com/assets/images/questions/5.png" />	{\n\t"a":"$570m^2$",\n\t"b":"$430m^2$",\n\t"c":"$320m^2$",\n\t"d":"$190m^2$",\n\t"e":"N. R. A"\n}	a
46	49	2	<p>O proprietário de uma loja contratou um engenheiro projetista para que ele dimensionasse a parede conforme a Figura abaixo, a fim de dividir um cômodo. Assim, chegou-se a conclusão que a parede teria raio interno (do círculo) de $10m$, ângulo que define o arco de $45\\,^{\\circ}$, espessura da parede $15cm$ e altura $2,70m$. Como a parede não receberá carga, além de seu próprio peso, a parede vai ser constituída de apenas $30\\%$ de blocos estruturais (de grande resistência), responsáveis pela integridade do conjunto. Os $70\\%$ restantes serão preenchidos com blocos de vedação, os quais apresentam baixa resistência.</p>\n<p>Qual a quantidade de blocos estruturais e de vedação necessários? E qual será a peso total de blocos utilizados nessa parede?</p>\n<p>Dados: bloco estrutural e vedação ($19cm \\times 19cm \\times 39cm$) de peso $14,90kgf$ e $11,52kgf$, respectivamente.\n<p>$\\pi = 3,14$</p><img src="http://matquiz.herokuapp.com/assets/images/questions/6.jpeg" />	{\n\t"a":"$N_{Est} = 30Blocos; N_{Ved} = 70Blocos; Peso_{total} = 4030,0Kgf$",\n\t"b":"$N_{Est} = 90Blocos; N_{Ved} = 230Blocos; Peso_{total} = 3999,8Kgf$",\n\t"c":"$N_{Est} = 96Blocos; N_{Ved} = 225Blocos; Peso_{total} = 4022,4Kgf$",\n\t"d":"$N_{Est} = 30Blocos; N_{Ved} = 70Blocos; Peso_{total} = 4022,4Kgf$",\n\t"e":"N. R. A"\n}	c
48	49	4	<p>Numa laje dimensionada para resistir a $360kgf/m^2$ foi dada uma festa onde se identificou $5pessoas/m^2$. Sabendo que o engenheiro civil, muito prudente, adicionou uma margem de erro à resistência da laje de $30\\%$ de sua capacidade, qual será a proporção de força requerida em relação à resistência disponível nessa laje? Justifique a relação constatada. (a laje caiu?)</p>\n<p>Dado: $1 pessoa = 75kgf$.<p/>	{\n\t"a":"$\\\\frac{F_{solicitada}}{F_{disponível}} = 80,12\\\\%$. Portanto a laje não caiu.",\n\t"b":"$\\\\frac{F_{solicitada}}{F_{disponível}} = 104,17\\\\%$. Portanto a laje caiu.",\n\t"c":"$\\\\frac{F_{solicitada}}{F_{disponível}} = 85,00\\\\%$. Portanto a laje caiu",\n\t"d":"$\\\\frac{F_{solicitada}}{F_{disponível}} = 130,17\\\\%$. Portanto a laje não caiu",\n\t"e":"N. R. A"\n}	a
49	49	5	<p>O engenheiro precisa quantificar a água escoada sobre e sob o solo, durante as diversas oscilações das chuvas ao longo do ano, para que seja possível dimensionar estruturas que vão conter a água (barragens, desvios de rios para a construção de hidroelétricas) ou aproveitá-la (hidroelétricas, captação de água para abastecer as cidades). Esse estudo demanda anos para que as previsões de máximas e mínimas chuvas sejam confiáveis. Numa propriedade rural será instalado um laboratório para tais estudos, e uma variável muito importante é a área que permeará a água.</p>\n<p>Sabendo que o terreno tem formato hexagonal regular com lado de $174m$, qual será a área em que a chuva incidirá (em alqueires)?</p>\n<p>$1 alqueire = 24200m^2$</p>	{\n\t"a":"$7,18 alqueires$",\n\t"b":"$242 alqueires$",\n\t"c":"$1,69 alqueires$",\n\t"d":"$3,25 alqueires$",\n\t"e":"N. R. A"\n}	d
50	50	1	<p>Na construção de um shopping o terreno escolhido será 5m acima do nível do restante da cidade. Mas para que a área do estacionamento, no nível da cidade, seja mais ampla, o engenheiro indicou no projeto o corte de dois taludes (inclinação de terra que permite a sua auto-sustentação) com inclinação de 30°. Qual será o volume de terra retirado por metro?</p>\n<p>Dado: $\\theta=15^\\circ$</p><img src="http://matquiz.herokuapp.com/assets/images/questions/10.jpeg"/>	{\n\t"a":"$V_{retirado} = 30,00m^3$",\n\t"b":"$V_{retirado} = 28,35m^3$",\n\t"c":"$V_{retirado} = 25,00m^3$",\n\t"d":"$V_{retirado} = 18,57m^3$",\n\t"e":"N. R. A"\n}	b
51	50	2	<p>Temos o seguinte terreno, descrito pelas plantas abaixo, de dimensões $c=25m$, $L=12m$ para erguermos uma residência. Para isso, devemos nivelar todo o solo da região. Sendo assim, qual será a altura (em metros), a partir do nível zero, de todo o solo disponível no terreno para que este esteja uniformemente nivelado? (desprezar a mudança de volume ao comprimirmos o solo)</p>\n<p>Considerar: $o=30^\\circ$</p>\n<img src="http://matquiz.herokuapp.com/assets/images/questions/11_1.jpeg"/>\n<img src="http://matquiz.herokuapp.com/assets/images/questions/11_2.jpeg"/>	{\n\t"a":"$1,12m$",\n\t"b":"$1,20m$",\n\t"c":"$0,77m$",\n\t"d":"$1,23m$",\n\t"e":"N. R. A"\n}	c
52	50	3	<p>Nas equações que permitem calcular as tensões principais, de uma estrutura cilíndrica, que atuam nas paredes onde fluem as forças, é necessário saber o raio médio ($Rm$) da seção circular vazada. O referido $Rm$ corresponde à distância entre o centro da seção circular e a linha média do anel circular. Considerando que um determinado vazo de pressão possui um diâmetro externo de $1,5m$ e uma espessura da parede ($t$) de $20mm$, qual é o valor do raio médio ($Rm$)?</p>\n<img src="http://matquiz.herokuapp.com/assets/images/questions/12.jpeg"/>	{\n\t"a":"$73cm$",\n\t"b":"$75cm$",\n\t"c":"$74cm$",\n\t"d":"$77cm$",\n\t"e":"N. R. A"\n}	c
53	50	4	<p>Uma das formas de executar um túnel é por meio de Tuneladora tipo EPB (ver Figura a), a qual perfura o solo e ao mesmo tempo vai formando uma seção circular tubular de concreto de espessura constante (ver Figura b). Considerando que o diâmetro externo do anel seja de $11m$ e que a espessura seja de $40cm$, o Engenheiro necessita prever no projeto o consumo de material na obra. Neste caso, quantos metros cúbicos ($m3$) de concreto serão necessários para construir um trecho reto de túnel de $5km$?</p>\n<p><table>\n\t<tr><td><img src="http://matquiz.herokuapp.com/assets/images/questions/13_1.png"/></td></tr>\n\t<tr><td>(a)</td></tr>\n<table></p>\n<p><table>\n\t<tr><td><img src="http://matquiz.herokuapp.com/assets/images/questions/13_2.png"/></td></tr>\n\t<tr><td>(b)</td></tr>\n<table></p>	{\n\t"a":"Entre $50000$ e $55000m^3$",\n\t"b":"Entre $55000$ e $60000m^3$",\n\t"c":"Entre $60000$ e $65000m^3$",\n\t"d":"Entre $65000$ e $70000m^3$",\n\t"e":"N. R. A"\n}	d
54	51	1	<p>Próximo a um hospital, uma tubulação da Sanepar sob a rua será reparada. Mas, para que a manutenção não prejudique o bem-estar dos pacientes, o engenheiro executivo deve se atentar a intensidade sonora emitida pelos equipamentos em função da audição humana. Sabendo que o Nível Sonoro $S$ medido em decibéis ($dB$) é dado por: $S = 10 log (I/I_0)(dB)$, sendo $I$ a Intensidade sonora e $I_0  = 10^{-12}  W/m^2$ a intensidade sonora de referência correspondente ao limiar da audição humana, qual a intensidade da onda sonora emitida por uma britadeira a uma distância de $50$ metros.</p>\n<p>Considere o nível sonoro igual a $70dB$.</p>\n<img src="http://matquiz.herokuapp.com/assets/images/questions/14.png"/>	{\n\t"a":"$I = 10^{-12} W/m^2$",\n\t"b":"$I = 10^{12} W/m^2$",\n\t"c":"$I = 10^{-5} W/m^2$",\n\t"d":"$I = 10^{5} W/m^2$",\n\t"e":"$I = 10^{-7} W/m^2$"\n}	c
55	51	2	<p>Um engenheiro sanitarista quer saber a taxa de consumo ($k$) de oxigênio pelas bactérias que degradam (utilizam como alimento para obtenção de energia e crescimento) o esgoto sanitário da cidade, que é lançado no rio que corta essa cidade. Para isso ele coletou amostras e fez vários ensaios no laboratório. O consumo de oxigênio pelas bactérias que utilizam o esgoto é representado pela Equação (1).</p>\n<ul><li><p><span class="negrito">Equação (1):</span>      $L_t = L_0-y = L_0(1-10^{-k t})$</p></li></ul>\n<p>Para resolver a Equação (1) o engenheiro aplicou $\\log$ na base $10$ e obteve a Equação (2).</p>\n<ul><li><p><span class="negrito">Equação (2):</span>      $\\log(L_0-y)-\\log(L_0)=kt$</p></li></ul>\n<p>Onde:</p>\n<ul>\n\t<li><p>$L_0$: é o consumo total de oxigênio em um tempo infinito (maior que $30$ dias);</li>\n\t<li><p>$y$: consumo de oxigênio em $5$ dias;</p></li>\n\t<li><p>$L_t$: o consumo remanescente em um tempo $t$ (diferença entre o consumo total e o consumo em $5$ dias).</p></li>\n</ul>\n<p>No teste o engenheiro verificou que:</p>\n<ul>\n\t<li><p>o consumo ($y$) em $5$ dias ($t=5$) foi igual a $250mg$ de $O_2/L$ de amostra;</p></li>\n\t<li><p>o consumo ($L_0$) em um tempo longo, maior que $30$ dias, foi de $300mg$ de $O_2/L$ de amostra.</p></li>\n</ul>\n<p>Com base nas seguintes propriedades dos logaritmos:</p>\n<ul>\n\t<li><p>$\\log(a.b)=\\log(a)+\\log(b)$</p></li>\n\t<li><p>$\\log(\\frac{1}{a})=-\\log(a)$</p></li>\n\t<li><p>$\\log(\\frac{a}{b})=\\log(a)-\\log(b)$</p></li>\n\t<li><p>$\\log(a)^n=n.\\log(a)$</p></li>\n</ul>\n<p>Sabendo que:</p>\n<ul>\n\t<li><p>$\\log(2)=0,3010$</p></li>\n\t<li><p>$\\log(3)=0,4771$</p></li>\n\t<li><p>$\\log(4)=0,6990$</p></li>\n\t<li><p>$\\log(7)=0,8451$</p></li>\n</ul>\n<p>Ajude o engenheiro a encontrar o valor da taxa de consumo de oxigênio ($k$).</p>	{\n\t"a":"$0,1556mg$ de $O_2/L$",\n\t"b":"$-0,1866mg$ de $O_2/L$",\n\t"c":"$-0,1556mg$ de $O_2/L$",\n\t"d":"$0,2448mg$ de $O_2/L$",\n\t"e":"N. R. A"\n}	c
56	51	3	<p>Para o dimensionamento de uma escada o engenheiro deve saber a sua devidas dimensões (altura, largura, afastamento, comprimento). Considere uma altura a vencer de $3m$, e degraus de $15cm$ de altura e $28cm$ de afastamento. Quantos degraus serão necessários? Qual será o afastamento horizontal total? Qual será o ângulo de inclinação (em relação ao solo) da escada?</p>\n<img src="http://matquiz.herokuapp.com/assets/images/questions/16.jpeg"/>	{\n\t"a":"$15; 4.0; 20.6^\\\\circ$",\n\t"b":"$20; 5.60; 28.18^\\\\circ$",\n\t"c":"$20; 5.0; 38.18^\\\\circ$",\n\t"d":"$20;5.7;30.00^\\\\circ$",\n\t"e":"N. R. A"\n}	c
58	51	5	<p>Estruturas em treliça (figura 1) são bastante utilizadas em coberturas de galpões, ginásios e demais espaços que necessitem de uma área mais ampla. Isto se deve ao fato que em suas barras atuam somente esforços normais (tração e compressão) quando os carregamentos se dão no encontro das barras (vértices dos triângulos na figura 1), estes são chamados de nós.</p>\nPara a determinação destes esforços nas barras um método bastante utilizado é chamado de “Método do Equilíbrio dos nós”, que consiste em admitir que a somatória das forças nas direções vertical e horizontal agindo em cada nó da treliça ser igual a zero (condição de equilíbrio). Desta forma, para o carregamento vertical do nó $E$ de $88,5KN$, determinar os esforços nas barras $BE(N_{BE})$ e $DE(N_{DE})$ da treliça representada na figura 1.</p>\n<p>Assim, pelo método do “Equilíbrio dos Nós” teremos:</p>\n<img src="http://matquiz.herokuapp.com/assets/images/questions/18.png"/>\n<p>Obs.:escala em $mm$</p>\n<p>$\\sum F_{vert.} = 0 \\implies N_{BE}.\\sin30^\\circ - 88,5 = 0$</p>\n<p>$\\sum F_{hor.} = 0 \\implies N_{BE}.\\cos30^\\circ + N_{DE} = 0$</p>	{\n\t"a":"$N_{BE}=44,3kN; N_{DE}=38,3kN$",\n\t"b":"$N_{BE}=150kN; N_{DE}=0kN$",\n\t"c":"$N_{BE}=177kN; N_{DE}=-153,5kN$",\n\t"d":"$N_{BE}=-153kN; N_{DE}=-132,5kN$",\n\t"e":"$N_{BE}=153kN; N_{DE}=-132,5kN$"\n}	c
57	51	4	<p>Para que não seja preciso a instalação de ar condicionados no interior de uma sala de aula é possível que a própria ventilação natural faça este trabalho. Para isso, o engenheiro dimensiona o tamanho das aberturas nas paredes baseados em vários critérios, como: a quantidade de pessoas presentes no recinto, as dimensões da sala, os equipamentos presentes (televisão, retroprojetor, etc), o calor absorvido pelas paredes e coberturas com a incidência dos raios solares, entre outros.</p>\n<p>Imagine que seja necessária a instalação de duas janelas de correr, cada qual com $1,44m^2$ de área livre para ventilação. Fixando uma altura de $1,2m$, qual deverá ser a largura ocupada por cada janela? Lembre-se: numa janela de correr, quando totalmente aberta, apenas metade de sua área total permite a passagem da ventilação.</p>\n<img src="http://matquiz.herokuapp.com/assets/images/questions/17.jpeg"/>	{\n\t"a":"$2,4m$",\n\t"b":"$2,5m$",\n\t"c":"$1,2m$",\n\t"d":"$0,6m$",\n\t"e":"N. R. A"\n}	c
\.


--
-- TOC entry 2899 (class 0 OID 0)
-- Dependencies: 175
-- Name: questao_id_seq; Type: SEQUENCE SET; Schema: public; Owner: rzdzjjydmygfod
--

SELECT pg_catalog.setval('questao_id_seq', 58, true);


--
-- TOC entry 2881 (class 0 OID 311539)
-- Dependencies: 176
-- Data for Name: usuario; Type: TABLE DATA; Schema: public; Owner: rzdzjjydmygfod
--

COPY usuario (id, nome, login, senha, is_admin) FROM stdin;
2	Andressa Mika Tanaka	mika	33895a2347888331e196adf74ce1decb	1
3	Alessandro Matheus Verlique Rodrigues	\N	202cb962ac59075b964b07152d234b70	0
4	Aline Santos de Marchi	\N	202cb962ac59075b964b07152d234b70	0
5	Ana Beatriz Chamorro e Silva	\N	202cb962ac59075b964b07152d234b70	0
6	Andrea Caroline Silva Gonçalves	\N	202cb962ac59075b964b07152d234b70	0
7	Anna Laura Mota	\N	202cb962ac59075b964b07152d234b70	0
8	Arthur Batista Ventura	\N	202cb962ac59075b964b07152d234b70	0
9	Bárbara Valente Silveira Valle	\N	202cb962ac59075b964b07152d234b70	0
10	Beatriz Rafael Orlandeli	\N	202cb962ac59075b964b07152d234b70	0
11	Bruna Ghabriely Francisco Rios	\N	202cb962ac59075b964b07152d234b70	0
12	Caio Henrique Pompeo Takeshita	\N	202cb962ac59075b964b07152d234b70	0
13	Carlos Afonso Teixeira dos Reis	\N	202cb962ac59075b964b07152d234b70	0
14	Eduardo Fonseca Fadelli	\N	202cb962ac59075b964b07152d234b70	0
15	Gabriel da Costa Bentlin	\N	202cb962ac59075b964b07152d234b70	0
16	Giovana Assofra Prado	\N	202cb962ac59075b964b07152d234b70	0
17	Giovana de Souza Hesko	\N	202cb962ac59075b964b07152d234b70	0
18	Hugo Rodrigues Nascimento	\N	202cb962ac59075b964b07152d234b70	0
19	Igor Augusto Giroti	\N	202cb962ac59075b964b07152d234b70	0
20	Joyce Vitória Takahashi	\N	202cb962ac59075b964b07152d234b70	0
21	Juliana Radino de Carvalho	\N	202cb962ac59075b964b07152d234b70	0
22	Juliana Esposito Mazziero	\N	202cb962ac59075b964b07152d234b70	0
23	Letícia de Faria Cunha	\N	202cb962ac59075b964b07152d234b70	0
24	Luis Henrique dos Santos Reis	\N	202cb962ac59075b964b07152d234b70	0
25	Marcelo de Dio Pascutti	\N	202cb962ac59075b964b07152d234b70	0
26	Mariana Silva Souza	\N	202cb962ac59075b964b07152d234b70	0
27	Matheus Fernando Rodrigues Leite	\N	202cb962ac59075b964b07152d234b70	0
28	Murilo Augusto Gallardo Silva	\N	202cb962ac59075b964b07152d234b70	0
29	Nayla Renata Cueva Lima	\N	202cb962ac59075b964b07152d234b70	0
30	Nayne Souza Finger	\N	202cb962ac59075b964b07152d234b70	0
31	Nayron Nelson Niero dos Santos	\N	202cb962ac59075b964b07152d234b70	0
32	Nilton Lucas Luciano Serafim	\N	202cb962ac59075b964b07152d234b70	0
33	Pedro Henrique Pelegrino	\N	202cb962ac59075b964b07152d234b70	0
34	Priscila Lopes Chang 	\N	202cb962ac59075b964b07152d234b70	0
35	Victor Marcelo Crivelaro Maximo	\N	202cb962ac59075b964b07152d234b70	0
36	Vinicius Ryu Agata	\N	202cb962ac59075b964b07152d234b70	0
37	Wildney Rodolpho de Oliveira	\N	202cb962ac59075b964b07152d234b70	0
1	arthur	\N	202cb962ac59075b964b07152d234b70	0
38	heliana	heliana	1ce33ffd8a9c4b13df1afc55b427a509	1
\.


--
-- TOC entry 2900 (class 0 OID 0)
-- Dependencies: 177
-- Name: usuario_id_seq; Type: SEQUENCE SET; Schema: public; Owner: rzdzjjydmygfod
--

SELECT pg_catalog.setval('usuario_id_seq', 38, true);


--
-- TOC entry 2883 (class 0 OID 311545)
-- Dependencies: 178
-- Data for Name: usuario_questao; Type: TABLE DATA; Schema: public; Owner: rzdzjjydmygfod
--

COPY usuario_questao (usuario_id, questao_id, is_correta_jogada_ranking) FROM stdin;
2	1	t
2	3	t
2	9	t
2	11	t
1	3	t
1	9	t
1	11	t
2	16	t
2	17	t
2	20	t
2	21	t
2	15	t
1	1	f
1	15	t
1	16	t
1	17	t
1	20	t
1	21	t
2	41	t
2	42	f
2	43	f
2	44	t
2	45	f
2	46	t
2	47	f
2	48	f
2	54	f
2	55	f
2	56	f
2	57	t
2	58	f
2	49	t
2	50	t
2	51	f
2	52	t
2	53	f
33	24	t
33	25	t
33	26	t
33	27	t
1	41	t
1	42	t
1	43	t
1	44	t
1	45	f
1	46	t
1	47	f
1	48	f
1	49	f
1	50	f
1	51	t
1	52	t
1	53	f
1	54	t
1	55	t
1	56	t
1	57	f
1	58	t
38	45	\N
38	46	\N
38	47	\N
38	48	\N
38	49	\N
38	50	\N
38	51	\N
38	52	\N
38	53	\N
38	54	\N
38	55	\N
38	56	\N
38	57	\N
38	58	\N
38	41	t
38	42	f
38	43	f
38	44	f
19	1	t
19	3	t
19	9	f
19	11	t
5	1	f
5	3	t
5	9	t
5	11	t
18	1	t
18	3	f
18	9	t
18	11	t
6	1	t
6	3	t
6	9	t
6	11	t
19	15	t
19	16	t
19	17	f
19	20	t
19	21	t
5	15	t
5	16	t
5	17	f
5	20	t
5	21	f
18	15	t
18	16	t
18	17	f
18	20	f
18	21	f
6	15	t
6	16	t
6	17	t
6	20	t
6	21	f
33	1	t
33	3	t
33	9	t
33	11	t
12	1	t
12	3	t
12	9	f
12	11	t
28	1	t
28	3	t
28	9	t
28	11	t
33	15	t
33	16	f
33	17	t
33	20	t
33	21	t
12	15	f
12	16	t
12	17	f
12	20	t
12	21	t
28	15	t
28	16	t
28	17	t
28	20	t
28	21	t
36	1	t
36	3	f
36	9	t
36	11	t
5	24	t
5	25	t
5	26	t
5	27	t
6	24	t
6	25	t
6	26	t
6	27	t
19	24	t
19	25	t
19	26	t
19	27	t
28	24	t
28	25	t
28	26	t
28	27	\N
36	15	t
36	16	t
36	17	t
36	20	t
36	21	t
5	28	t
5	30	t
5	31	f
5	32	f
5	39	t
6	28	t
6	30	t
6	31	f
6	32	t
6	39	t
33	28	t
33	30	t
33	31	f
33	32	t
33	39	t
28	28	t
28	30	f
28	31	f
28	32	t
28	39	t
19	28	t
19	30	t
19	31	f
19	32	t
19	39	t
36	39	t
36	32	t
36	31	f
36	30	f
36	28	t
36	24	t
36	25	t
36	26	t
36	27	t
\.


--
-- TOC entry 2742 (class 2606 OID 311553)
-- Name: pk_agrupamento_jogos; Type: CONSTRAINT; Schema: public; Owner: rzdzjjydmygfod; Tablespace: 
--

ALTER TABLE ONLY agrupamento_jogos
    ADD CONSTRAINT pk_agrupamento_jogos PRIMARY KEY (id);


--
-- TOC entry 2746 (class 2606 OID 311555)
-- Name: pk_jogo; Type: CONSTRAINT; Schema: public; Owner: rzdzjjydmygfod; Tablespace: 
--

ALTER TABLE ONLY jogo
    ADD CONSTRAINT pk_jogo PRIMARY KEY (id);


--
-- TOC entry 2752 (class 2606 OID 311557)
-- Name: pk_questao; Type: CONSTRAINT; Schema: public; Owner: rzdzjjydmygfod; Tablespace: 
--

ALTER TABLE ONLY questao
    ADD CONSTRAINT pk_questao PRIMARY KEY (id);


--
-- TOC entry 2756 (class 2606 OID 311559)
-- Name: pk_usuario; Type: CONSTRAINT; Schema: public; Owner: rzdzjjydmygfod; Tablespace: 
--

ALTER TABLE ONLY usuario
    ADD CONSTRAINT pk_usuario PRIMARY KEY (id);


--
-- TOC entry 2750 (class 2606 OID 311561)
-- Name: pk_usuario_jogo; Type: CONSTRAINT; Schema: public; Owner: rzdzjjydmygfod; Tablespace: 
--

ALTER TABLE ONLY jogo_usuario
    ADD CONSTRAINT pk_usuario_jogo PRIMARY KEY (usuario_id, jogo_id);


--
-- TOC entry 2760 (class 2606 OID 311563)
-- Name: pk_usuario_questao; Type: CONSTRAINT; Schema: public; Owner: rzdzjjydmygfod; Tablespace: 
--

ALTER TABLE ONLY usuario_questao
    ADD CONSTRAINT pk_usuario_questao PRIMARY KEY (usuario_id, questao_id);


--
-- TOC entry 2744 (class 2606 OID 311565)
-- Name: uq_agrupamento_jogos_nome; Type: CONSTRAINT; Schema: public; Owner: rzdzjjydmygfod; Tablespace: 
--

ALTER TABLE ONLY agrupamento_jogos
    ADD CONSTRAINT uq_agrupamento_jogos_nome UNIQUE (nome);


--
-- TOC entry 2748 (class 2606 OID 311567)
-- Name: uq_jogo_nome_grupo; Type: CONSTRAINT; Schema: public; Owner: rzdzjjydmygfod; Tablespace: 
--

ALTER TABLE ONLY jogo
    ADD CONSTRAINT uq_jogo_nome_grupo UNIQUE (nome, grupo_id);


--
-- TOC entry 2754 (class 2606 OID 311569)
-- Name: uq_jogo_numero_questao; Type: CONSTRAINT; Schema: public; Owner: rzdzjjydmygfod; Tablespace: 
--

ALTER TABLE ONLY questao
    ADD CONSTRAINT uq_jogo_numero_questao UNIQUE (jogo_id, numero);


--
-- TOC entry 2758 (class 2606 OID 311571)
-- Name: uq_usuario_login; Type: CONSTRAINT; Schema: public; Owner: rzdzjjydmygfod; Tablespace: 
--

ALTER TABLE ONLY usuario
    ADD CONSTRAINT uq_usuario_login UNIQUE (login);


--
-- TOC entry 2761 (class 2606 OID 311572)
-- Name: fk_jogo_agrupamento_jogos; Type: FK CONSTRAINT; Schema: public; Owner: rzdzjjydmygfod
--

ALTER TABLE ONLY jogo
    ADD CONSTRAINT fk_jogo_agrupamento_jogos FOREIGN KEY (grupo_id) REFERENCES agrupamento_jogos(id) ON UPDATE CASCADE ON DELETE CASCADE;


--
-- TOC entry 2762 (class 2606 OID 311577)
-- Name: fk_jogo_usuario_jogo; Type: FK CONSTRAINT; Schema: public; Owner: rzdzjjydmygfod
--

ALTER TABLE ONLY jogo_usuario
    ADD CONSTRAINT fk_jogo_usuario_jogo FOREIGN KEY (jogo_id) REFERENCES jogo(id) ON UPDATE CASCADE ON DELETE CASCADE;


--
-- TOC entry 2764 (class 2606 OID 311582)
-- Name: fk_questao_jogo; Type: FK CONSTRAINT; Schema: public; Owner: rzdzjjydmygfod
--

ALTER TABLE ONLY questao
    ADD CONSTRAINT fk_questao_jogo FOREIGN KEY (jogo_id) REFERENCES jogo(id) ON UPDATE CASCADE ON DELETE CASCADE;


--
-- TOC entry 2763 (class 2606 OID 311587)
-- Name: fk_usuario_jogo_usuario; Type: FK CONSTRAINT; Schema: public; Owner: rzdzjjydmygfod
--

ALTER TABLE ONLY jogo_usuario
    ADD CONSTRAINT fk_usuario_jogo_usuario FOREIGN KEY (usuario_id) REFERENCES usuario(id) ON UPDATE CASCADE;


--
-- TOC entry 2765 (class 2606 OID 311592)
-- Name: fk_usuario_questao_questao; Type: FK CONSTRAINT; Schema: public; Owner: rzdzjjydmygfod
--

ALTER TABLE ONLY usuario_questao
    ADD CONSTRAINT fk_usuario_questao_questao FOREIGN KEY (questao_id) REFERENCES questao(id) ON UPDATE CASCADE ON DELETE CASCADE;


--
-- TOC entry 2766 (class 2606 OID 311597)
-- Name: fk_usuario_questao_usuario; Type: FK CONSTRAINT; Schema: public; Owner: rzdzjjydmygfod
--

ALTER TABLE ONLY usuario_questao
    ADD CONSTRAINT fk_usuario_questao_usuario FOREIGN KEY (usuario_id) REFERENCES usuario(id) ON UPDATE CASCADE;


--
-- TOC entry 2890 (class 0 OID 0)
-- Dependencies: 6
-- Name: public; Type: ACL; Schema: -; Owner: rzdzjjydmygfod
--

REVOKE ALL ON SCHEMA public FROM PUBLIC;
REVOKE ALL ON SCHEMA public FROM rzdzjjydmygfod;
GRANT ALL ON SCHEMA public TO rzdzjjydmygfod;
GRANT ALL ON SCHEMA public TO postgres;
GRANT ALL ON SCHEMA public TO PUBLIC;


-- Completed on 2014-04-07 20:01:55 BRT

--
-- PostgreSQL database dump complete
--

